SysID,Thread ID,time,inetrval
14,0,0.0780,0.0780
35,0,0.1010,0.0230
35,0,0.1140,0.0130
35,0,0.2220,0.1080
80,0,0.2350,0.0130
80,0,0.2360,0.0010
35,0,0.2400,0.0040
35,0,0.2440,0.0040
18,0,0.2470,0.0030
18,0,0.2480,0.0010
23,0,0.2490,0.0010
33,0,0.2500,0.0010
18,0,0.2730,0.0230
35,0,0.3150,0.0420
18,0,0.3170,0.0020
15,0,0.3180,0.0010
18,0,0.3210,0.0030
15,0,0.3220,0.0010
37,0,0.3350,0.0130
353,0,0.3450,0.0100
172,0,0.3480,0.0030
204,0,0.3490,0.0010
415,0,0.3510,0.0020
195,0,0.3550,0.0040
201,0,0.3560,0.0010
144,0,0.3570,0.0010
195,0,0.3580,0.0010
415,0,0.3620,0.0040
415,0,0.3630,0.0010
80,0,0.3850,0.0220
55,0,0.4160,0.0310
40,0,0.4270,0.0110
49,0,0.4550,0.0280
80,0,0.4600,0.0050
80,0,0.4610,0.0010
80,0,0.4620,0.0010
80,0,0.4630,0.0010
80,0,0.4730,0.0100
80,0,0.4770,0.0040
80,0,0.4810,0.0040
346,0,0.4900,0.0090
346,0,0.4910,0.0010
80,0,0.5290,0.0380
55,0,0.5300,0.0010
49,0,0.5350,0.0050
80,0,0.5360,0.0010
80,0,0.5370,0.0010
80,0,0.5380,0.0010
367,0,0.5680,0.0300
15,0,0.5700,0.0020
67,2,0.5770,0.0070
1,2,0.5900,0.0130
467,2,0.6000,0.0100
55,0,0.6020,0.0020
40,0,0.6100,0.0080
49,0,0.6420,0.0320
80,0,0.6430,0.0010
80,0,0.6450,0.0020
80,0,0.6520,0.0070
35,2,0.6540,0.0020
35,2,0.6600,0.0060
35,2,0.6610,0.0010
35,2,0.6760,0.0150
35,2,0.6790,0.0030
35,2,0.6890,0.0100
55,0,0.6900,0.0010

49,0,0.6930,0.0030
80,2,0.6940,0.0010
80,0,0.6980,0.0040
80,0,0.7000,0.0020
367,0,0.7080,0.0080
15,0,0.7100,0.0020
28,2,0.7120,0.0020
15,0,0.7290,0.0170
1,3,0.7310,0.0020
35,2,0.7330,0.0020
35,2,0.7340,0.0010
35,2,0.7340,0.0010
35,2,0.7350,0.0010
35,2,0.7350,0.0010
35,2,0.7400,0.0050
367,0,0.7440,0.0040
15,0,0.7450,0.0010
35,2,0.7470,0.0020
467,4,0.7490,0.0020
35,2,0.7500,0.0010
35,4,0.7550,0.0050
24,0,0.7600,0.0050
464,3,0.7670,0.0070
464,2,0.7710,0.0040
35,4,0.7720,0.0010
35,4,0.7730,0.0010
35,4,0.7750,0.0020
35,4,0.7750,0.0020
35,4,0.7760,0.0010
35,4,0.7820,0.0060
18,0,0.7860,0.0040
23,0,0.7870,0.0010
24,0,0.7920,0.0050
112,0,0.8060,0.0140
464,3,0.8110,0.0050
112,0,0.8120,0.0010
112,2,0.8150,0.0030
35,4,0.8160,0.0010
112,2,0.8170,0.0010
464,0,0.8280,0.0110
112,4,0.8290,0.0010
112,3,0.8330,0.0040
35,3,0.8380,0.0050
112,0,0.8450,0.0070
35,4,0.8490,0.0040
35,3,0.8500,0.0010
40,0,0.8510,0.0010
35,4,0.8570,0.0060
24,3,0.8610,0.0040
35,2,0.8650,0.0040
35,4,0.8720,0.0070
35,2,0.8820,0.0100
49,0,0.8850,0.0030
35,3,0.8870,0.0020
80,0,0.8880,0.0010
35,4,0.8890,0.0010
35,3,0.8900,0.0010
35,3,0.8910,0.0010
35,3,0.8930,0.0020
40,0,0.8940,0.0010
35,2,0.8960,0.0020
35,2,0.8960,0.0020
35,3,0.9010,0.0050
35,4,0.9020,0.0010
467,2,0.9040,0.0020
80,0,0.9060,0.0020
15,0,0.9070,0.0010
467,4,0.9080,0.0010
80,3,0.9080,0.0010
14,3,0.9090,0.0010
55,0,0.9100,0.0010
49,0,0.9130,0.0030
55,0,0.9140,0.0010
49,0,0.9180,0.0040
49,0,0.9230,0.0050
49,0,0.9310,0.0080
80,0,0.9320,0.0010
35,3,0.9330,0.0010
80,3,0.9340,0.0010
80,3,0.9340,0.0010
35,2,0.9350,0.0010
80,4,0.9360,0.0010
35,4,0.9370,0.0010
55,0,0.9380,0.0010
35,4,0.9390,0.0010
35,4,0.9400,0.0010
49,0,0.9420,0.0020
355,2,0.9670,0.0250
35,3,0.9740,0.0070
35,3,0.9750,0.0010
35,3,0.9750,0.0010
35,3,0.9750,0.0010
355,2,0.9760,0.0010
18,2,0.9870,0.0110
35,3,0.9960,0.0090
24,2,1.0020,0.0060
55,0,1.0030,0.0010
24,2,1.0050,0.0020
35,4,1.0080,0.0030
35,4,1.0080,0.0030
35,3,1.0120,0.0040
35,4,1.0140,0.0020
35,3,1.0150,0.0010
35,4,1.0160,0.0010
35,4,1.0250,0.0090
35,4,1.0250,0.0090
35,3,1.0260,0.0010
35,4,1.0260,0.0010
80,0,1.0420,0.0160
35,4,1.0420,0.0160
35,3,1.0430,0.0010
61,2,1.0520,0.0090
15,0,1.0530,0.0010
35,4,1.0550,0.0020
51,2,1.0660,0.0110
74,2,1.0670,0.0010
40,2,1.0680,0.0010
49,2,1.0720,0.0040
80,2,1.0730,0.0010
35,3,1.0750,0.0020
35,3,1.0750,0.0020
35,3,1.0760,0.0010
80,0,1.0760,0.0010
464,2,1.0780,0.0020
112,4,1.0800,0.0020
464,4,1.0810,0.0010
464,2,1.0820,0.0010
35,3,1.0830,0.0010
35,3,1.0840,0.0010
49,0,1.0880,0.0040
15,2,1.0890,0.0010
80,0,1.0920,0.0030
35,3,1.0930,0.0010
35,3,1.0940,0.0010
35,4,1.0960,0.0020
35,4,1.0970,0.0010
35,0,1.0980,0.0010
35,0,1.0980,0.0010
35,4,1.0990,0.0010
35,3,1.1020,0.0030
15,2,1.1030,0.0010
35,2,1.1040,0.0010
49,3,1.1050,0.0010
35,4,1.1060,0.0010
80,2,1.1060,0.0010
80,2,1.1060,0.0010
80,2,1.1060,0.0010
49,2,1.1080,0.0020
49,2,1.1080,0.0020
35,0,1.1130,0.0050
467,3,1.1140,0.0010
367,2,1.1150,0.0010
80,2,1.1160,0.0010
35,3,1.1170,0.0010
35,3,1.1170,0.0010
35,4,1.1180,0.0010
35,4,1.1210,0.0030
35,0,1.1220,0.0010
35,4,1.1230,0.0010
76,0,1.1570,0.0340
76,0,1.1610,0.0040
76,0,1.1740,0.0130
76,0,1.1760,0.0020
414,0,1.1790,0.0030
14,0,1.1800,0.0010
414,0,1.1890,0.0090
24,0,1.2210,0.0320
30,0,1.2220,0.0010
24,0,1.2230,0.0010
73,0,1.2880,0.0650
73,0,1.2920,0.0040
24,0,1.2960,0.0040
24,0,1.3050,0.0090
24,0,1.3230,0.0180
18,0,1.3710,0.0480
23,0,1.3750,0.0040
23,0,1.3870,0.0120
24,0,1.4080,0.0210
35,0,1.4240,0.0160
414,0,1.4480,0.0240
414,0,1.4610,0.0130
451,0,1.5080,0.0470
451,0,1.5230,0.0150
451,0,1.6090,0.0860
451,0,1.6100,0.0010
414,0,1.6130,0.0030
451,0,1.6380,0.0250
451,0,1.6430,0.0050
451,0,1.6470,0.0040
451,0,1.6480,0.0010
414,0,1.6490,0.0010
414,0,1.6500,0.0010
35,0,1.6670,0.0170
35,0,1.6710,0.0040
35,0,1.6730,0.0020
35,0,1.6820,0.0090
35,0,1.6850,0.0030
35,0,1.6910,0.0060
35,0,1.6940,0.0030
73,0,1.7190,0.0250
73,0,1.7200,0.0010
35,0,1.7550,0.0350
24,0,1.7820,0.0270
414,0,1.8070,0.0250
35,0,1.8560,0.0490
35,0,1.8580,0.0020
35,0,1.8590,0.0010
35,0,1.8610,0.0020
35,0,1.8620,0.0010
35,0,1.8640,0.0020
35,0,1.8650,0.0010
35,0,1.8670,0.0020
35,0,1.8680,0.0010
35,0,1.8700,0.0020
414,0,2.0970,0.2270
414,0,2.1270,0.0300
25,0,2.1290,0.0020
35,0,2.1390,0.0100
414,0,2.1400,0.0010
54,0,2.1590,0.0190
80,0,2.1610,0.0020
140,0,2.1930,0.0320
61,0,2.2130,0.0200
51,0,2.2140,0.0010
74,0,2.2150,0.0010
40,0,2.2160,0.0010
42,0,2.2180,0.0020
15,0,2.2190,0.0010
346,0,2.2250,0.0060
37,0,2.2280,0.0030
55,0,2.2320,0.0040
49,0,2.2340,0.0020
35,0,2.2350,0.0010
35,0,2.2360,0.0010
76,0,2.2390,0.0030
414,0,2.2400,0.0010
54,0,2.2440,0.0040
25,0,2.2460,0.0020
35,0,2.2480,0.0020
35,0,2.2490,0.0010
35,0,2.2500,0.0010
35,0,2.2510,0.0010
35,0,2.2520,0.0010
35,0,2.2530,0.0010
35,0,2.2540,0.0010
35,0,2.2550,0.0010
35,0,2.2560,0.0010
35,0,2.2570,0.0010
35,0,2.2580,0.0010
35,0,2.2590,0.0010
35,0,2.2600,0.0010
35,0,2.2610,0.0010
35,0,2.2620,0.0010
35,0,2.2630,0.0010
35,0,2.2640,0.0010
35,0,2.2650,0.0010
35,0,2.2660,0.0010
35,0,2.2670,0.0010
35,0,2.2680,0.0010
35,0,2.2690,0.0010
35,0,2.2700,0.0010
35,0,2.2710,0.0010
35,0,2.2720,0.0010
35,0,2.2730,0.0010
35,0,2.2740,0.0010
35,0,2.2750,0.0010
35,0,2.2760,0.0010
35,0,2.2770,0.0010
35,0,2.2780,0.0010
35,0,2.2790,0.0010
35,0,2.2800,0.0010
35,0,2.2810,0.0010
35,0,2.2820,0.0010
35,0,2.2830,0.0010
35,0,2.2840,0.0010
35,0,2.2850,0.0010
35,0,2.2860,0.0010
35,0,2.2870,0.0010
35,0,2.2880,0.0010
35,0,2.2890,0.0010
35,0,2.2900,0.0010
35,0,2.2910,0.0010
35,0,2.2920,0.0010
25,0,2.3030,0.0110
18,0,2.3050,0.0020
451,0,2.3080,0.0030
451,0,2.3100,0.0020
451,0,2.3110,0.0010
18,0,2.3170,0.0060
18,0,2.3190,0.0020
18,0,2.3270,0.0080
18,0,2.3440,0.0170
18,0,2.3460,0.0020
18,0,2.3490,0.0030
18,0,2.3520,0.0030
18,0,2.3570,0.0050
23,0,2.3580,0.0010
15,0,2.3590,0.0010
18,0,2.3600,0.0010
23,0,2.3610,0.0010
15,0,2.3620,0.0010
4834,0,2.3630,0.0010
37,0,2.3690,0.0060
35,0,2.3710,0.0020
80,0,2.3730,0.0020
246,0,2.4370,0.0640
246,0,2.4380,0.0010
33,0,2.4630,0.0250
18,0,2.4650,0.0020
18,0,2.4680,0.0030
18,0,2.4690,0.0010
18,0,2.4700,0.0010
15,0,2.4710,0.0010
18,0,2.4790,0.0080
18,0,2.4810,0.0020
18,0,2.4820,0.0010
23,0,2.4840,0.0020
15,0,2.4880,0.0040
18,0,2.4910,0.0030
18,0,2.4920,0.0010
23,0,2.4940,0.0020
15,0,2.5040,0.0100
18,0,2.6310,0.1270
18,0,2.6350,0.0040
51,0,2.6470,0.0120
74,0,2.6490,0.0020
15,0,2.6500,0.0010
35,0,2.6540,0.0040
35,0,2.6580,0.0040
35,0,2.6680,0.0100
451,0,2.6730,0.0050
35,0,2.6790,0.0060
35,0,2.7070,0.0280
4101,0,2.7120,0.0050
37,0,2.7160,0.0040
4224,0,2.7200,0.0040
5169,0,2.7220,0.0020
296,0,2.7240,0.0020
66,0,2.7260,0.0020
0,0,2.7490,0.0230
28,0,2.7550,0.0060
15,0,2.7560,0.0010
15,0,2.7570,0.0010
25,0,2.7600,0.0030
288,0,2.7690,0.0090
22,0,2.7790,0.0100
288,0,2.7810,0.0020
23,0,2.7950,0.0140
28,0,2.8050,0.0100
15,0,2.8060,0.0010
5,0,2.8070,0.0010
18,0,2.8120,0.0050
414,0,2.8220,0.0100
72,0,2.8250,0.0030
72,0,2.8270,0.0020
22,0,2.8290,0.0020
22,0,2.8300,0.0010
281,0,2.8320,0.0020
281,0,2.8340,0.0020
191,0,2.8360,0.0020
191,0,2.8370,0.0010
451,0,2.8390,0.0020
451,0,2.8400,0.0010
414,0,2.8480,0.0080
35,0,2.8680,0.0200
22,0,2.9260,0.0580
23,0,2.9280,0.0020
15,0,2.9300,0.0020
22,0,2.9310,0.0010
22,0,2.9320,0.0010
23,0,2.9330,0.0010
15,0,2.9340,0.0010
355,0,2.9710,0.0370
72,0,2.9840,0.0130
201,0,2.9860,0.0020
435,0,2.9880,0.0020
144,0,2.9920,0.0040
442,0,3.0040,0.0120
355,0,3.0160,0.0120
442,0,3.0190,0.0030
355,0,3.0210,0.0020
442,0,3.0220,0.0010
355,0,3.0430,0.0210
33,0,3.0600,0.0170
33,0,3.0620,0.0020
22,0,3.0700,0.0080
288,0,3.0710,0.0010
408,0,3.0720,0.0010
22,0,3.0780,0.0060
18,0,3.0810,0.0030
22,0,3.0830,0.0020
22,0,3.0850,0.0020
18,0,3.0950,0.0100
22,0,3.1020,0.0070
22,0,3.1080,0.0060
72,0,3.1130,0.0050
281,0,3.1150,0.0020
36,0,3.1180,0.0030
33,0,3.1210,0.0030
22,0,3.1220,0.0010
15,0,3.1230,0.0010
22,0,3.1240,0.0010
33,0,3.1270,0.0030
33,0,3.1280,0.0010
18,0,3.1370,0.0090
22,0,3.1390,0.0020
22,0,3.1400,0.0010
35,0,3.1630,0.0230
22,0,3.1690,0.0060
451,0,3.1760,0.0070
451,0,3.1860,0.0100
451,0,3.1880,0.0020
72,0,3.1950,0.0070
72,0,3.1960,0.0010
72,0,3.1980,0.0020
64,0,3.2050,0.0070
451,0,3.2070,0.0020
451,0,3.2080,0.0010
451,0,3.2090,0.0010
451,0,3.2100,0.0010
24,0,3.2180,0.0080
451,0,3.2190,0.0010
451,0,3.2230,0.0040
414,0,3.2270,0.0040
35,0,3.2440,0.0170
61,0,3.2580,0.0140
22,0,3.2880,0.0300
18,0,3.2890,0.0010
414,0,3.2940,0.0050
451,0,3.2990,0.0050
54,0,3.3040,0.0050
25,0,3.3060,0.0020
191,0,3.3160,0.0100
414,0,3.3250,0.0090
339,0,3.3470,0.0220
36,0,3.3510,0.0040
22,0,3.3540,0.0030
22,0,3.3610,0.0070
347,0,3.3630,0.0020
347,0,3.3640,0.0010
23,0,3.3850,0.0210
15,0,3.3940,0.0090
339,0,3.4160,0.0220
72,0,3.4230,0.0070
414,0,3.4280,0.0050
451,0,3.4370,0.0090
451,0,3.4410,0.0040
451,0,3.4420,0.0010
451,0,3.4520,0.0100
414,0,3.4530,0.0010
451,0,3.4710,0.0180
451,0,3.4720,0.0010
451,0,3.4730,0.0010
414,0,3.4790,0.0060
14,0,3.4910,0.0120
415,0,3.4980,0.0070
14,0,3.4990,0.0010
448,0,3.5000,0.0010
35,0,3.5100,0.0100
35,0,3.5110,0.0010
35,0,3.5120,0.0010
24,0,3.5290,0.0170
24,0,3.5320,0.0030
24,0,3.5330,0.0010
24,0,3.5480,0.0150
7,0,3.5800,0.0320
35,0,3.6410,0.0610
35,0,3.6430,0.0020
35,0,3.6540,0.0110
35,0,3.6550,0.0010
35,0,3.6560,0.0010
35,0,3.6570,0.0010
35,0,3.6580,0.0010
35,0,3.6600,0.0020
35,0,3.6750,0.0150
35,0,3.6860,0.0110
35,0,3.6870,0.0010
35,0,3.6880,0.0010
35,0,3.6890,0.0010
35,0,3.6900,0.0010
35,0,3.6910,0.0010
35,0,3.6920,0.0010
35,0,3.6930,0.0010
35,0,3.6940,0.0010
35,0,3.6950,0.0010
35,0,3.6960,0.0010
35,0,3.6970,0.0010
35,0,3.6980,0.0010
35,0,3.6990,0.0010
35,0,3.7000,0.0010
35,0,3.7010,0.0010
35,0,3.7020,0.0010
35,0,3.7030,0.0010
35,0,3.7040,0.0010
35,0,3.7050,0.0010
35,0,3.7060,0.0010
35,0,3.7070,0.0010
35,0,3.7080,0.0010
35,0,3.7090,0.0010
35,0,3.7100,0.0010
35,0,3.7110,0.0010
35,0,3.7120,0.0010
35,0,3.7130,0.0010
35,0,3.7140,0.0010
35,0,3.7170,0.0030
35,0,3.7180,0.0010
73,0,3.7230,0.0050
73,0,3.7250,0.0020
7,0,3.7270,0.0020
73,0,3.7300,0.0030
73,0,3.7310,0.0010
61,0,3.7410,0.0100
346,0,3.7460,0.0050
72,0,3.7540,0.0080
346,0,3.7790,0.0250
54,0,3.7830,0.0040
346,0,3.7950,0.0120
346,0,3.7970,0.0020
346,0,3.7980,0.0010
37,0,3.8020,0.0040
55,0,3.8030,0.0010
61,0,3.8040,0.0010
51,0,3.8050,0.0010
49,0,3.8070,0.0020
367,0,3.8080,0.0010
4,0,3.8130,0.0050
4,0,3.8140,0.0010
14,0,3.8190,0.0050
72,0,3.8330,0.0140
37,0,3.8400,0.0070
55,0,3.8410,0.0010
49,0,3.8420,0.0010
367,0,3.8430,0.0010
25,0,3.8440,0.0010
25,0,3.8450,0.0010
451,0,3.8570,0.0120
451,0,3.8600,0.0030
18,0,3.8660,0.0060
23,0,3.8670,0.0010
18,0,3.8720,0.0050
18,0,3.8750,0.0030
23,0,3.8760,0.0010
23,0,3.8780,0.0020
15,0,3.8790,0.0010
15,0,3.8800,0.0010
18,0,3.8820,0.0020
51,0,3.8860,0.0040
7,0,3.8890,0.0030
14,0,3.9380,0.0490
24,0,3.9590,0.0210
72,0,3.9790,0.0200
72,0,3.9800,0.0010
62,0,3.9840,0.0040
91,0,4.0010,0.0170
80,0,4.0100,0.0090
4130,0,4.0120,0.0020
4224,0,4.0130,0.0010
4202,0,4.0140,0.0010
4202,0,4.0150,0.0010
54,0,4.0310,0.0160
22,0,4.0420,0.0110
23,0,4.0500,0.0080
15,0,4.0550,0.0050
72,0,4.0630,0.0080
18,0,4.1110,0.0480
18,0,4.1130,0.0020
18,0,4.1150,0.0020
23,0,4.1160,0.0010
15,0,4.1180,0.0020
18,0,4.1200,0.0020
18,0,4.1210,0.0010
18,0,4.1260,0.0050
33,0,4.1350,0.0090
88,0,4.1400,0.0050
347,0,4.1410,0.0010
347,0,4.1420,0.0010
36,0,4.1430,0.0010
296,0,4.1440,0.0010
33,0,4.1500,0.0060
33,0,4.1520,0.0020
33,0,4.1530,0.0010
33,0,4.1540,0.0010
33,0,4.1550,0.0010
33,0,4.1560,0.0010
33,0,4.1570,0.0010
33,0,4.1580,0.0010
33,0,4.2280,0.0700
33,0,4.2290,0.0010
15,0,4.2500,0.0210
22,0,4.2560,0.0060
54,0,4.2580,0.0020
25,0,4.2590,0.0010
451,0,4.2650,0.0060
451,0,4.2690,0.0040
22,0,4.2720,0.0030
23,0,4.2730,0.0010
15,0,4.2740,0.0010
72,0,4.3030,0.0290
60,0,4.3090,0.0060
33,0,4.3920,0.0830
121,0,4.3980,0.0060
137,0,4.3990,0.0010
24,0,4.4400,0.0410
140,0,4.4460,0.0060
24,0,4.5080,0.0620
140,0,4.5120,0.0040
140,0,4.5140,0.0020
355,0,4.5260,0.0120
442,0,4.5290,0.0030
355,0,4.5310,0.0020
355,0,4.5520,0.0210
430,0,4.5840,0.0320
54,0,4.5940,0.0100
18,0,4.6040,0.0100
15,0,4.6050,0.0010
18,0,4.6060,0.0010
346,0,4.6130,0.0070
346,0,4.6140,0.0010
346,0,4.6150,0.0010
24,0,4.6590,0.0440
140,0,4.6860,0.0270
24,0,4.8270,0.1410
22,0,4.8590,0.0320
23,0,4.8610,0.0020
15,0,4.8620,0.0010
36,0,4.8670,0.0050
296,0,4.8680,0.0010
33,0,4.8690,0.0010
18,0,4.8760,0.0070
15,0,4.8800,0.0040
22,0,4.8840,0.0040
22,0,4.8960,0.0120
22,0,4.8980,0.0020
288,0,4.9030,0.0050
22,0,4.9060,0.0030
353,0,4.9080,0.0020
353,0,4.9090,0.0010
353,0,4.9170,0.0080
22,0,4.9200,0.0030
22,0,4.9210,0.0010
22,0,4.9220,0.0010
288,0,4.9460,0.0240
288,0,4.9480,0.0020
22,0,4.9490,0.0010
18,0,4.9500,0.0010
33,0,4.9590,0.0090
80,0,4.9670,0.0080
33,0,5.0430,0.0760
122,0,5.0460,0.0030
137,0,5.0470,0.0010
140,0,5.0550,0.0080
140,0,5.1230,0.0680
140,0,5.2670,0.1440
140,0,5.4080,0.1410
430,0,5.4240,0.0160
252,0,5.4430,0.0190
36,0,5.4440,0.0010
13,0,5.4460,0.0020
99,0,5.4520,0.0060
15,0,5.4540,0.0020
36,0,5.4960,0.0420
15,0,5.4970,0.0010
355,0,5.5030,0.0060
179,0,5.5610,0.0580
4,0,5.5650,0.0040
299,0,5.5710,0.0060
4,0,5.5730,0.0020
10,0,5.5740,0.0010
10,0,5.5750,0.0010
299,0,5.5790,0.0040
15,0,5.5800,0.0010
15,0,5.5810,0.0010
32,0,5.5830,0.0020
15,0,5.5840,0.0010
346,0,5.6010,0.0170
55,0,5.6040,0.0030
40,0,5.6070,0.0030
22,0,5.6300,0.0230
23,0,5.6320,0.0020
15,0,5.6330,0.0010
37,0,5.6360,0.0030
49,0,5.6370,0.0010
367,0,5.6380,0.0010
451,0,5.6660,0.0280
64,0,5.6680,0.0020
14,0,5.6850,0.0170
25,0,5.6880,0.0030
55,0,5.7800,0.0920
40,0,5.7820,0.0020
36,0,5.7860,0.0040
24,0,5.7970,0.0110
54,0,5.8280,0.0310
355,0,5.8480,0.0200
85,0,5.8720,0.0240
17,0,5.8800,0.0080
39,0,5.8810,0.0010
74,0,5.8850,0.0040
40,0,5.8870,0.0020
39,0,5.8890,0.0020
39,0,5.8920,0.0030
39,0,5.8950,0.0030
36,0,6.0890,0.1940
54,0,6.1000,0.0110
24,0,6.1020,0.0020
24,0,6.1030,0.0010
22,0,6.1400,0.0370
22,0,6.1420,0.0020
22,0,6.1430,0.0010
33,0,6.1450,0.0020
288,0,6.1500,0.0050
22,0,6.1510,0.0010
22,0,6.1530,0.0020
22,0,6.1820,0.0290
22,0,6.1850,0.0030
23,0,6.1870,0.0020
22,0,6.1920,0.0050
22,0,6.1950,0.0030
22,0,6.2010,0.0060
22,0,6.2020,0.0010
22,0,6.2030,0.0010
22,0,6.2060,0.0030
22,0,6.2160,0.0100
22,0,6.2200,0.0040
22,0,6.2210,0.0010
15,0,6.2310,0.0100
22,0,6.2320,0.0010
22,0,6.2330,0.0010
91,0,6.2340,0.0010
33,0,6.2360,0.0020
22,0,6.2370,0.0010
15,0,6.2390,0.0020
72,0,6.2400,0.0010
281,0,6.2480,0.0080
15,0,6.2520,0.0040
22,0,6.2930,0.0410
23,0,6.2940,0.0010
15,0,6.2950,0.0010
4,0,6.3420,0.0470
36,0,6.4530,0.1110
36,0,6.4560,0.0030
22,0,6.4570,0.0010
33,0,6.4580,0.0010
22,0,6.4610,0.0030
22,0,6.4630,0.0020
22,0,6.4640,0.0010
22,0,6.4660,0.0020
22,0,6.4670,0.0010
15,0,6.4680,0.0010
15,0,6.4700,0.0020
22,0,6.4850,0.0150
22,0,6.4870,0.0020
15,0,6.4880,0.0010
346,0,6.5150,0.0270
37,0,6.5160,0.0010
61,0,6.5170,0.0010
49,0,6.5180,0.0010
15,0,6.5190,0.0010
4,0,6.5210,0.0020
4,0,6.5220,0.0010
61,4,6.5230,0.0010
61,4,6.5240,0.0010
40,4,6.5250,0.0010
49,4,6.5300,0.0050
80,3,6.5310,0.0010
14,3,6.5320,0.0010
179,0,6.5490,0.0170
22,0,6.5660,0.0170
29,0,6.5670,0.0010
22,0,6.5720,0.0050
22,0,6.5750,0.0030
22,0,6.5780,0.0030
61,0,6.5930,0.0150
22,0,6.5960,0.0030
451,0,6.6260,0.0300
451,0,6.6270,0.0010
414,0,6.6290,0.0020
451,0,6.6390,0.0100
451,0,6.6400,0.0010
14,0,6.6410,0.0010
35,0,6.7620,0.1210
339,0,6.7680,0.0060
25,0,6.7750,0.0070
28,0,6.7760,0.0010
61,0,6.7890,0.0130
25,0,6.7960,0.0070
25,0,6.8440,0.0480
25,0,6.8450,0.0010
23,0,6.8670,0.0220
85,0,6.8830,0.0160
74,0,6.8840,0.0010
40,0,6.8850,0.0010
15,0,6.8860,0.0010
18,0,6.8920,0.0060
33,0,6.9370,0.0450
140,0,6.9460,0.0090
33,0,6.9600,0.0140
18,0,6.9630,0.0030
50,0,6.9640,0.0010
18,0,6.9660,0.0020
23,0,6.9670,0.0010
15,0,6.9680,0.0010
18,0,6.9760,0.0080
23,0,6.9770,0.0010
15,0,6.9780,0.0010
18,0,6.9790,0.0010
18,0,6.9890,0.0100
50,0,6.9920,0.0030
23,0,7.0060,0.0140
23,0,7.0070,0.0010
35,0,7.0330,0.0260
18,0,7.0500,0.0170
23,0,7.0510,0.0010
35,0,7.0780,0.0270
35,0,7.0800,0.0020
35,0,7.0870,0.0070
80,0,7.1050,0.0180
80,0,7.1350,0.0300
18,0,7.1460,0.0110
15,0,7.1470,0.0010
18,0,7.1490,0.0020
18,0,7.1520,0.0030
18,0,7.1530,0.0010
15,0,7.1540,0.0010
36,0,7.1620,0.0080
36,0,7.1660,0.0040
22,0,7.1670,0.0010
22,0,7.1680,0.0010
80,0,7.2170,0.0490
61,0,7.2290,0.0120
72,0,7.2560,0.0270
33,0,7.2640,0.0080
123,0,7.2670,0.0030
137,0,7.2680,0.0010
141,0,7.2950,0.0270
64,0,7.3060,0.0110
64,0,7.3070,0.0010
24,0,7.3230,0.0160
346,0,7.3550,0.0320
72,0,7.3680,0.0130
24,0,7.4260,0.0580
22,0,7.4560,0.0300
22,0,7.4570,0.0010
22,0,7.4580,0.0010
15,0,7.4660,0.0080
15,0,7.4670,0.0010
18,0,7.4840,0.0170
23,0,7.4850,0.0010
33,0,7.5830,0.0980
33,0,7.5880,0.0050
355,0,7.5920,0.0040
442,0,7.5940,0.0020
72,0,7.6400,0.0460
72,0,7.6590,0.0190
54,0,7.6600,0.0010
25,0,7.6610,0.0010
193,0,7.6720,0.0110
15,0,7.6750,0.0030
7,5,7.6950,0.0200
33,0,7.7190,0.0240
88,0,7.7200,0.0010
296,0,7.7210,0.0010
33,0,7.7220,0.0010
33,0,7.7240,0.0020
33,0,7.7260,0.0020
33,0,7.7270,0.0010
33,0,7.7280,0.0010
33,0,7.7290,0.0010
33,0,7.7300,0.0010
33,0,7.7320,0.0020
33,0,7.7330,0.0010
448,5,7.7340,0.0010
24,5,7.7350,0.0010
72,5,7.7370,0.0020
72,5,7.7370,0.0020
194,5,7.7420,0.0050
431,5,7.7470,0.0050
33,0,7.7500,0.0030
91,5,7.7530,0.0030
33,0,7.7550,0.0020
15,0,7.7560,0.0010
33,0,7.7640,0.0080
24,0,7.7660,0.0020
24,0,7.8280,0.0620
140,0,7.8530,0.0250
7,6,7.8540,0.0010
72,6,7.8620,0.0080
137,6,7.8660,0.0040
140,6,7.8670,0.0010
119,6,7.8790,0.0120
7,7,7.8800,0.0010
24,7,7.8870,0.0070
137,6,7.8880,0.0010
415,6,7.8920,0.0040
140,6,7.9180,0.0260
415,6,7.9260,0.0080
467,6,7.9310,0.0050
36,0,8.0740,0.1430
24,0,8.0860,0.0120
36,0,8.1720,0.0860
36,0,8.1740,0.0020
91,0,8.1860,0.0120
72,0,8.1920,0.0060
92,0,8.1930,0.0010
36,0,8.2570,0.0640
36,0,8.2640,0.0070
13,0,8.2650,0.0010
127,0,8.2660,0.0010
13,0,8.2670,0.0010
24,0,8.2700,0.0030
355,0,8.2940,0.0240
355,0,8.4360,0.1420
124,0,8.4590,0.0230
126,0,8.4610,0.0020
24,0,8.5190,0.0580
24,0,8.5230,0.0040
60,0,8.6120,0.0890
140,0,8.6230,0.0110
24,0,8.6480,0.0250
179,0,8.6500,0.0020
54,0,8.6610,0.0110
24,0,8.6620,0.0010
32,0,8.6640,0.0020
30,0,9.0320,0.3680
30,0,9.0350,0.0030
24,0,9.0520,0.0170
22,0,9.0670,0.0150
23,0,9.0680,0.0010
15,0,9.0690,0.0010
22,0,9.1530,0.0840
288,0,9.1540,0.0010
15,0,9.1570,0.0030
22,0,9.1640,0.0070
22,0,9.1650,0.0010
288,0,9.1660,0.0010
4,0,9.1730,0.0070
36,0,9.1740,0.0010
22,0,9.1750,0.0010
22,0,9.1760,0.0010
22,0,9.1770,0.0010
4,0,9.1780,0.0010
37,0,9.1810,0.0030
51,0,9.1820,0.0010
49,0,9.1830,0.0010
14,0,9.1930,0.0100
24,0,9.2490,0.0560
36,0,9.2980,0.0490
36,0,9.3410,0.0430
36,0,9.3420,0.0010
33,0,9.3430,0.0010
121,0,9.3440,0.0010
140,0,9.3590,0.0150
22,0,9.3820,0.0230
140,0,9.4100,0.0280
22,0,9.4110,0.0010
140,0,9.4320,0.0210
140,0,9.4360,0.0040
25,0,9.4400,0.0040
18,0,9.4430,0.0030
15,0,9.4440,0.0010
140,0,9.4450,0.0010
140,0,9.4460,0.0010
140,0,9.4530,0.0070
140,0,9.4890,0.0360
22,0,9.5070,0.0180
15,0,9.5100,0.0030
22,0,9.5110,0.0010
23,0,9.5120,0.0010
288,0,9.5130,0.0010
22,0,9.5140,0.0010
288,0,9.5150,0.0010
37,0,9.5160,0.0010
49,0,9.5210,0.0050
80,0,9.5220,0.0010
80,0,9.5230,0.0010
22,0,9.5430,0.0200
288,0,9.5440,0.0010
23,0,9.5450,0.0010
23,0,9.5470,0.0020
23,0,9.5480,0.0010
23,0,9.5490,0.0010
23,0,9.5510,0.0020
22,0,9.5630,0.0120
23,0,9.5680,0.0050
15,0,9.5710,0.0030
451,0,9.5840,0.0130
451,0,9.5850,0.0010
14,0,9.5870,0.0020
355,0,9.6730,0.0860
442,0,9.6760,0.0030
355,0,9.6780,0.0020
442,0,9.6790,0.0010
355,0,9.7000,0.0210
179,0,9.7280,0.0280
4,0,9.7310,0.0030
299,0,9.7340,0.0030
4,0,9.7350,0.0010
10,0,9.7360,0.0010
299,0,9.7380,0.0020
4,0,9.7390,0.0010
15,0,9.7400,0.0010
32,0,9.7430,0.0030
37,0,9.7640,0.0210
61,0,9.7710,0.0070
49,0,9.7720,0.0010
80,0,9.7730,0.0010
451,0,9.7960,0.0230
451,0,9.7970,0.0010
14,0,9.8010,0.0040
80,0,9.8110,0.0100
451,0,9.8380,0.0270
22,0,9.8410,0.0030
22,0,9.8450,0.0040
50,0,9.8550,0.0100
22,0,9.8810,0.0260
23,0,9.8820,0.0010
15,0,9.8850,0.0030
37,0,9.8860,0.0010
49,0,9.8870,0.0010
80,0,9.8880,0.0010
80,3,9.8890,0.0010
451,0,9.9170,0.0280
14,0,9.9240,0.0070
37,0,9.9260,0.0020
55,0,9.9270,0.0010
49,0,9.9290,0.0020
80,3,9.9300,0.0010
14,0,9.9560,0.0260
22,0,9.9880,0.0320
23,0,9.9900,0.0020
23,0,9.9930,0.0030
15,0,10.0000,0.0070
22,0,10.0090,0.0090
22,0,10.0150,0.0060
22,0,10.0180,0.0030
19,0,10.0270,0.0090
19,0,10.0400,0.0130
19,0,10.0410,0.0010
19,0,10.0420,0.0010
19,0,10.0450,0.0030
19,0,10.0470,0.0020
19,0,10.0480,0.0010
19,0,10.0620,0.0140
19,0,10.0730,0.0110
25,0,10.0750,0.0020
61,0,10.0770,0.0020
25,0,10.0900,0.0130
19,0,10.0920,0.0020
19,0,10.0930,0.0010
15,0,10.0960,0.0030
22,0,10.1010,0.0050
22,0,10.1050,0.0040
23,0,10.1060,0.0010
15,0,10.1070,0.0010
22,0,10.1130,0.0060
22,0,10.1140,0.0010
22,0,10.1260,0.0120
23,0,10.1270,0.0010
85,0,10.1350,0.0080
240,0,10.1370,0.0020
156,0,10.1380,0.0010
15,0,10.1390,0.0010
37,0,10.1470,0.0080
49,0,10.1480,0.0010
55,0,10.1490,0.0010
49,0,10.1500,0.0010
367,0,10.1510,0.0010
80,0,10.1520,0.0010
80,3,10.1530,0.0010
28,0,10.1540,0.0010
464,3,10.1540,0.0010
76,0,10.1550,0.0010
22,0,10.1990,0.0440
451,0,10.2020,0.0030
451,0,10.2030,0.0010
451,0,10.2040,0.0010
451,0,10.2050,0.0010
451,0,10.2060,0.0010
4151,0,10.2590,0.0530
80,0,10.2680,0.0090
54,0,10.2710,0.0030
54,0,10.2750,0.0040
414,0,10.2870,0.0120
73,0,10.3320,0.0450
73,0,10.3330,0.0010
24,0,10.4350,0.1020
451,0,10.4610,0.0260
451,0,10.4640,0.0030
339,0,10.4730,0.0090
61,0,10.5240,0.0510
14,0,10.5350,0.0110
50,0,10.5710,0.0360
15,0,10.5740,0.0030
36,0,10.6090,0.0350
22,0,10.6100,0.0010
22,0,10.6110,0.0010
15,0,10.6120,0.0010
22,0,10.6130,0.0010
288,0,10.6140,0.0010
22,0,10.6150,0.0010
22,0,10.6160,0.0010
140,0,10.6790,0.0630
36,0,10.7420,0.0630
36,0,10.7450,0.0030
36,0,10.7480,0.0030
131,0,10.7530,0.0050
36,0,10.7560,0.0030
35,0,10.7850,0.0290
80,0,10.7920,0.0070
80,0,10.7930,0.0010
80,0,10.8360,0.0430
36,0,10.8410,0.0050
140,0,10.8490,0.0080
22,0,10.8510,0.0020
288,0,10.8520,0.0010
22,0,10.8530,0.0010
22,0,10.8540,0.0010
33,0,10.8550,0.0010
22,0,10.8560,0.0010
4,0,10.8730,0.0170
36,0,10.8950,0.0220
140,0,10.8990,0.0040
36,0,10.9040,0.0050
36,0,10.9080,0.0040
140,0,10.9090,0.0010
288,0,10.9100,0.0010
36,0,10.9180,0.0080
36,0,10.9230,0.0050
140,0,10.9250,0.0020
140,0,10.9510,0.0260
24,0,10.9800,0.0290
24,0,11.0860,0.1060
35,0,11.1630,0.0770
80,0,11.1910,0.0280
35,0,11.2110,0.0200
35,0,11.2150,0.0040
35,0,11.2160,0.0010
35,0,11.2220,0.0060
35,0,11.2240,0.0020
35,0,11.2250,0.0010
35,0,11.2270,0.0020
35,0,11.2300,0.0030
35,0,11.2310,0.0010
35,0,11.2320,0.0010
35,0,11.2330,0.0010
35,0,11.2380,0.0050
35,0,11.2390,0.0010
140,0,11.2800,0.0410
131,0,11.2820,0.0020
140,0,11.2900,0.0080
131,0,11.2910,0.0010
33,0,11.3350,0.0440
288,0,11.3420,0.0070
22,0,11.3480,0.0060
22,0,11.3490,0.0010
22,0,11.3560,0.0070
15,0,11.3570,0.0010
18,0,11.3800,0.0230
23,0,11.3820,0.0020
33,0,11.3890,0.0070
18,0,11.3920,0.0030
23,0,11.3950,0.0030
61,0,11.4070,0.0120
85,0,11.4080,0.0010
74,0,11.4090,0.0010
40,0,11.4100,0.0010
15,0,11.4140,0.0040
18,0,11.4380,0.0240
35,0,11.4390,0.0010
96,0,11.4420,0.0030
42,0,11.4510,0.0090
42,0,11.4540,0.0030
15,0,11.4560,0.0020
35,0,11.4730,0.0170
35,0,11.6140,0.1410
35,0,11.6170,0.0030
35,0,11.6190,0.0020
35,0,11.6210,0.0020
35,0,11.6410,0.0200
140,0,11.6450,0.0040
4,0,11.6460,0.0010
281,0,11.6570,0.0110
22,0,11.6590,0.0020
22,0,11.6600,0.0010
22,0,11.6610,0.0010
22,0,11.6620,0.0010
22,0,11.6630,0.0010
36,0,11.6640,0.0010
36,0,11.6650,0.0010
140,0,11.6660,0.0010
36,0,11.6720,0.0060
36,0,11.6730,0.0010
35,0,11.6750,0.0020
35,0,11.6770,0.0020
35,0,11.6780,0.0010
35,0,11.6820,0.0040
35,0,11.6830,0.0010
140,0,11.6890,0.0060
35,0,11.6930,0.0040
35,0,11.6940,0.0010
35,0,11.6950,0.0010
35,0,11.7030,0.0080
140,0,11.7050,0.0020
36,0,11.7060,0.0010
13,0,11.7070,0.0010
36,0,11.7090,0.0020
451,0,12.8510,1.1420
140,0,12.8560,0.0050
35,0,12.8580,0.0020
35,0,12.8590,0.0010
35,0,12.8660,0.0070
140,0,12.8690,0.0030
140,0,12.8700,0.0010
131,0,12.8710,0.0010
35,0,12.8820,0.0110
140,0,12.8840,0.0020
4,0,12.8850,0.0010
36,0,12.8860,0.0010
36,0,12.8870,0.0010
36,0,12.8890,0.0020
35,0,12.8970,0.0080
140,0,12.9000,0.0030
140,0,12.9010,0.0010
35,0,12.9070,0.0060
140,0,12.9100,0.0030
4,0,12.9110,0.0010
36,0,12.9120,0.0010
36,0,12.9130,0.0010
36,0,12.9140,0.0010
36,0,12.9150,0.0010
140,0,12.9280,0.0130
35,0,12.9290,0.0010
140,0,12.9310,0.0020
33,0,12.9330,0.0020
18,0,12.9340,0.0010
40,0,12.9350,0.0010
35,0,12.9380,0.0030
140,0,12.9390,0.0010
4,0,12.9400,0.0010
22,0,12.9410,0.0010
33,0,12.9420,0.0010
36,0,12.9430,0.0010
22,0,12.9440,0.0010
22,0,12.9450,0.0010
36,0,12.9460,0.0010
140,0,12.9470,0.0010
36,0,12.9480,0.0010
36,0,12.9490,0.0010
140,0,12.9500,0.0010
140,0,12.9520,0.0020
131,0,12.9530,0.0010
35,0,12.9560,0.0030
18,0,12.9610,0.0050
18,0,12.9620,0.0010
288,0,12.9630,0.0010
36,0,12.9640,0.0010
24,0,12.9660,0.0020
140,0,12.9670,0.0010
30,0,12.9700,0.0030
140,0,12.9710,0.0010
140,0,12.9720,0.0010
140,0,12.9730,0.0010
18,0,12.9740,0.0010
140,0,12.9750,0.0010
140,0,12.9760,0.0010
22,0,12.9770,0.0010
288,0,12.9780,0.0010
4,0,12.9790,0.0010
140,0,12.9800,0.0010
36,0,12.9810,0.0010
36,0,12.9910,0.0100
140,0,12.9940,0.0030
36,0,12.9950,0.0010
288,0,12.9960,0.0010
22,0,12.9970,0.0010
22,0,12.9980,0.0010
288,0,12.9990,0.0010
288,0,13.0000,0.0010
24,0,13.0180,0.0180
22,0,13.0620,0.0440
23,0,13.0630,0.0010
15,0,13.0650,0.0020
140,0,13.0710,0.0060
140,0,13.2460,0.1750
4,0,13.2720,0.0260
30,0,13.2940,0.0220
24,0,13.2950,0.0010
24,0,13.2970,0.0020
140,0,13.3030,0.0060
35,0,13.3140,0.0110
140,0,13.3160,0.0020
36,0,13.3170,0.0010
36,0,13.3180,0.0010
13,0,13.3190,0.0010
36,0,13.3200,0.0010
35,0,13.3360,0.0160
140,0,13.3390,0.0030
140,0,13.3400,0.0010
35,0,13.3440,0.0040
140,0,13.3460,0.0020
4,0,13.3470,0.0010
36,0,13.3480,0.0010
36,0,13.3490,0.0010
36,0,13.3510,0.0020
35,0,13.5690,0.2180
35,0,13.5720,0.0030
140,0,13.5750,0.0030
35,0,13.5980,0.0230
35,0,13.5990,0.0010
140,0,13.6000,0.0010
35,0,13.6010,0.0010
140,0,13.6020,0.0010
35,0,13.6030,0.0010
35,0,13.6040,0.0010
35,0,13.6050,0.0010
140,0,13.6060,0.0010
131,0,13.6070,0.0010
35,0,13.6080,0.0010
35,0,13.6140,0.0060
140,0,13.6160,0.0020
4,0,13.6170,0.0010
36,0,13.6180,0.0010
36,0,13.6190,0.0010
36,0,13.6210,0.0020
140,0,13.7240,0.1030
35,0,13.7250,0.0010
35,0,13.7260,0.0010
140,0,13.7280,0.0020
35,0,13.7290,0.0010
35,0,13.7300,0.0010
35,0,13.7310,0.0010
140,0,13.7350,0.0040
4,0,13.7500,0.0150
140,0,13.7510,0.0010
35,0,13.8050,0.0540
35,0,13.8060,0.0010
35,0,13.8070,0.0010
35,0,13.8080,0.0010
35,0,13.8100,0.0020
35,0,13.8120,0.0020
140,0,13.8160,0.0040
35,0,13.8170,0.0010
35,0,13.8190,0.0020
35,0,13.8200,0.0010
35,0,13.8210,0.0010
35,0,13.8220,0.0010
35,0,13.8230,0.0010
35,0,13.8240,0.0010
35,0,13.8250,0.0010
35,0,13.8260,0.0010
35,0,13.8270,0.0010
35,0,13.8280,0.0010
35,0,13.8290,0.0010
140,0,13.8330,0.0040
35,0,13.8340,0.0010
35,0,13.8350,0.0010
140,0,13.8360,0.0010
35,0,13.8370,0.0010
35,0,13.8380,0.0010
140,0,13.8390,0.0010
35,0,13.8400,0.0010
35,0,13.8410,0.0010
4,0,13.8550,0.0140
140,0,13.8560,0.0010
35,0,13.8570,0.0010
35,0,13.8580,0.0010
35,0,13.8590,0.0010
35,0,13.8600,0.0010
4,0,13.8720,0.0120
140,0,13.8730,0.0010
35,0,13.8740,0.0010
140,0,13.8750,0.0010
35,0,13.8760,0.0010
35,0,13.8770,0.0010
35,0,13.8780,0.0010
140,0,13.8790,0.0010
131,0,13.8800,0.0010
35,0,13.8850,0.0050
140,0,13.8870,0.0020
4,0,13.8880,0.0010
131,0,13.8890,0.0010
13,0,13.8900,0.0010
36,0,13.8920,0.0020
140,0,13.8950,0.0030
35,0,13.8970,0.0020
73,0,13.9020,0.0050
73,0,13.9030,0.0010
7,0,13.9050,0.0020
7,0,13.9070,0.0020
7,0,13.9330,0.0260
8,0,13.9360,0.0030
73,0,13.9570,0.0210
8,0,13.9580,0.0010
73,0,13.9670,0.0090
73,0,13.9680,0.0010
73,0,13.9690,0.0010
7,0,13.9700,0.0010
7,0,13.9710,0.0010
73,0,13.9720,0.0010
73,0,13.9730,0.0010
73,0,13.9740,0.0010
7,0,13.9750,0.0010
73,0,13.9760,0.0010
73,0,13.9850,0.0090
7,0,13.9860,0.0010
7,0,13.9870,0.0010
7,0,13.9880,0.0010
7,0,13.9890,0.0010
8,0,13.9900,0.0010
8,0,13.9910,0.0010
73,0,13.9920,0.0010
7,0,13.9930,0.0010
73,0,13.9940,0.0010
7,0,13.9950,0.0010
7,0,13.9960,0.0010
73,0,13.9970,0.0010
73,0,13.9980,0.0010
73,0,13.9990,0.0010
7,0,14.0000,0.0010
7,0,14.0010,0.0010
7,0,14.0020,0.0010
7,0,14.0030,0.0010
7,0,14.0040,0.0010
7,0,14.0050,0.0010
7,0,14.0060,0.0010
7,0,14.0070,0.0010
7,0,14.0080,0.0010
8,0,14.0090,0.0010
7,0,14.0100,0.0010
73,0,14.0110,0.0010
8,0,14.0120,0.0010
73,0,14.0130,0.0010
140,0,14.0290,0.0160
131,0,14.0300,0.0010
15,0,14.0540,0.0240
30,0,14.0630,0.0090
140,0,14.1990,0.1360
140,0,14.2440,0.0450
14,0,14.2500,0.0060
15,0,14.2510,0.0010
15,0,14.2590,0.0080
15,0,14.2720,0.0130
131,0,14.3170,0.0450
15,0,14.3230,0.0060
15,0,14.3240,0.0010
52,0,14.3450,0.0210
16,0,14.3470,0.0020
92,0,14.3480,0.0010
15,0,14.3490,0.0010
140,0,14.3550,0.0060
137,6,14.3880,0.0330
15,6,14.3940,0.0060
467,6,14.4220,0.0280
128,0,14.4360,0.0140
130,0,14.4370,0.0010
15,0,14.4380,0.0010
24,0,14.4520,0.0140
460,0,14.4740,0.0220
15,0,14.4750,0.0010
15,0,14.4900,0.0150
24,0,14.5320,0.0420
14,0,14.5510,0.0190
80,0,14.5520,0.0010
80,0,14.5530,0.0010
15,0,14.5570,0.0040
15,0,14.5590,0.0020
14,0,14.5650,0.0060
15,0,14.5740,0.0090
355,0,14.6530,0.0790
442,0,14.7040,0.0510
442,0,14.7140,0.0100
4,0,14.7150,0.0010
15,0,14.7270,0.0120
15,0,14.7280,0.0010
15,0,14.7490,0.0210
80,0,14.7540,0.0050
14,0,14.7600,0.0060
80,0,14.7660,0.0060
44,0,14.8000,0.0340
15,0,14.8640,0.0640
80,0,14.9160,0.0520
15,0,14.9190,0.0030
15,0,14.9200,0.0010
15,0,14.9210,0.0010
15,0,14.9680,0.0470
15,0,14.9910,0.0230
15,0,14.9920,0.0010
15,0,15.0070,0.0150
460,0,15.0170,0.0100
15,0,15.0270,0.0100
15,0,15.0290,0.0020
15,0,15.0300,0.0010
13,0,15.0340,0.0040
15,0,15.0390,0.0050
15,0,15.0400,0.0010
15,0,15.0410,0.0010
15,0,15.0450,0.0040
15,0,15.0460,0.0010
15,0,15.0590,0.0130
15,0,15.0600,0.0010
15,0,15.0610,0.0010
15,0,15.0720,0.0110
15,0,15.1050,0.0330
15,0,15.1100,0.0050
13,0,15.1160,0.0060
15,0,15.1340,0.0180
15,0,15.1450,0.0110
15,0,15.1460,0.0010
15,0,15.1470,0.0010
15,0,15.1490,0.0020
15,0,15.1540,0.0050
15,0,15.1570,0.0030
15,0,15.1580,0.0010
15,0,15.1600,0.0020
15,0,15.1740,0.0140
15,0,15.1760,0.0020
355,0,15.2850,0.1090
15,0,15.3370,0.0520
15,0,15.3380,0.0010
18,0,15.3400,0.0020
13,0,15.3460,0.0060
15,0,15.4230,0.0770
15,0,15.4290,0.0060
15,0,15.4490,0.0200
